ID,Name,PhotoURL
655091896,Floyd Crawford,https://randomuser.me/api/portraits/men/35.jpg
441465449,Terrence Hunt,https://randomuser.me/api/portraits/men/54.jpg
168811318,Russell Carroll,https://randomuser.me/api/portraits/men/67.jpg
436737609,Willie Jenkins,https://randomuser.me/api/portraits/men/98.jpg
411701428,Herbert Hansen,https://randomuser.me/api/portraits/men/52.jpg
640837438,Ivan Carroll,https://randomuser.me/api/portraits/men/77.jpg
967977162,Andrew Riley,https://randomuser.me/api/portraits/men/28.jpg
808191319,Gabriella Walters,https://randomuser.me/api/portraits/women/84.jpg
800491766,Troy Lowe,https://randomuser.me/api/portraits/men/43.jpg
544891768,Tim Willis,https://randomuser.me/api/portraits/men/44.jpg
